DROP TABLE BOOKINGS;
DROP TABLE OFFERS;
DROP TABLE BOSSES;
DROP TABLE PREFERENCES;
DROP TABLE CATEGORIES;
DROP TABLE EVENTS;
DROP TABLE USERS;
DROP TABLE LOCALS;

CREATE TABLE CATEGORIES (
       CATEGORY_ID INT NOT NULL
     , CATEGORY_NAME VARCHAR(255)
     , CATEGORY_IMAGE VARCHAR(255)
     , CONSTRAINT PK_CATEGORY_ID PRIMARY KEY (CATEGORY_ID)
);

INSERT INTO ROOT.CATEGORIES (CATEGORY_ID, CATEGORY_NAME, CATEGORY_IMAGE) 
	VALUES (6, 'Discotecas', 'Imagen discoteca');
INSERT INTO ROOT.CATEGORIES (CATEGORY_ID, CATEGORY_NAME, CATEGORY_IMAGE) 
	VALUES (7, 'Restaurantes', 'Imagen restaurante');
INSERT INTO ROOT.CATEGORIES (CATEGORY_ID, CATEGORY_NAME, CATEGORY_IMAGE) 
	VALUES (8, 'Hoteles', 'Imagen hotel');
INSERT INTO ROOT.CATEGORIES (CATEGORY_ID, CATEGORY_NAME, CATEGORY_IMAGE) 
	VALUES (9, 'Cines', 'Imagen cine');
INSERT INTO ROOT.CATEGORIES (CATEGORY_ID, CATEGORY_NAME, CATEGORY_IMAGE) 
	VALUES (10, 'Teatros', 'Imagen teatro');
INSERT INTO ROOT.CATEGORIES (CATEGORY_ID, CATEGORY_NAME, CATEGORY_IMAGE) 
	VALUES (11, 'Bares', 'Imagen Bares');
INSERT INTO ROOT.CATEGORIES (CATEGORY_ID, CATEGORY_NAME, CATEGORY_IMAGE) 
	VALUES (12, 'Pubs', 'imagen pubs');

CREATE TABLE LOCALS (
       LOCAL_ID INT NOT NULL GENERATED ALWAYS AS IDENTITY (START WITH 1, INCREMENT BY 1)
     , LOCAL_NAME VARCHAR(255)
     , LOCAL_DESCRIPTION VARCHAR(500)
     , LOCAL_ADDRESS VARCHAR(255)
     , LOCAL_LATITUDE DOUBLE
     , LOCAL_LONGITUDE DOUBLE
     , LOCAL_IMAGE VARCHAR(255)
     , LOCAL_PHONE VARCHAR(255)
     , LOCAL_EMAIL VARCHAR(255)
     , LOCAL_RATING INT
     , LOCAL_NUM_RATINGS INT
     , LOCAL_PRICE INT
     , LOCAL_SCHEDULE VARCHAR(255)
     , LOCAL_ID_CATEGORY INT
     , LOCAL_ID_BOSS INT
     , CONSTRAINT PK_LOCAL_ID PRIMARY KEY (LOCAL_ID)
     , CONSTRAINT FK_LOCAL_CATEGORY FOREIGN KEY (LOCAL_ID_CATEGORY)
                  REFERENCES CATEGORIES (CATEGORY_ID)
     , CONSTRAINT FK_LOCAL_BOSS FOREIGN KEY (LOCAL_ID_BOSS)
                  REFERENCES BOSSES (BOSS_ID)
);

INSERT INTO ROOT.LOCALS (LOCAL_NAME, LOCAL_DESCRIPTION, LOCAL_ADDRESS, LOCAL_LATITUDE, LOCAL_LONGITUDE, LOCAL_IMAGE, LOCAL_PHONE, LOCAL_EMAIL, LOCAL_RATING, LOCAL_NUM_RATINGS, LOCAL_PRICE, LOCAL_SCHEDULE, LOCAL_ID_CATEGORY, LOCAL_ID_BOSS) 
	VALUES ('Quintos El Castillo', 'Bar de birras típico', 'C/ Blah Blah', 39.478385, -0.356074, 'http://media-cache-ec0.pinimg.com/originals/9e/67/33/9e673325843273ea0cf5e609e6f63dd5.jpg', '634567890', 'blahblah@gmail.com', 3, 1, 1, '16:00 a 20:00', 12, 1);
INSERT INTO ROOT.LOCALS (LOCAL_NAME, LOCAL_DESCRIPTION, LOCAL_ADDRESS, LOCAL_LATITUDE, LOCAL_LONGITUDE, LOCAL_IMAGE, LOCAL_PHONE, LOCAL_EMAIL, LOCAL_RATING, LOCAL_NUM_RATINGS, LOCAL_PRICE, LOCAL_SCHEDULE, LOCAL_ID_CATEGORY, LOCAL_ID_BOSS) 
	VALUES ('Dick Tracy', 'Bar de birras típico', 'C/ Blah Blah', 5678.5678, 5678.5678, 'http://media-cache-ak0.pinimg.com/originals/6a/c2/b0/6ac2b078e6bd29756ece177c496e436d.jpg', '634602852', 'blah2blah2@gmail.com', 3, 1, 1, '17:00 a 21:00', 12, 2);
INSERT INTO ROOT.LOCALS (LOCAL_NAME, LOCAL_DESCRIPTION, LOCAL_ADDRESS, LOCAL_LATITUDE, LOCAL_LONGITUDE, LOCAL_IMAGE, LOCAL_PHONE, LOCAL_EMAIL, LOCAL_RATING, LOCAL_NUM_RATINGS, LOCAL_PRICE, LOCAL_SCHEDULE, LOCAL_ID_CATEGORY, LOCAL_ID_BOSS) 
	VALUES ('Phenomenon', 'Bar de birras con música típico', 'C/ Blah Blah', 898.898, 898.898, 'Blah Blah.jpg', '634524642', 'blah3blah3@gmail.com', 4, 1, 1, '18:00 a 22:00', 12, 3);
INSERT INTO ROOT.LOCALS (LOCAL_NAME, LOCAL_DESCRIPTION, LOCAL_ADDRESS, LOCAL_LATITUDE, LOCAL_LONGITUDE, LOCAL_IMAGE, LOCAL_PHONE, LOCAL_EMAIL, LOCAL_RATING, LOCAL_NUM_RATINGS, LOCAL_PRICE, LOCAL_SCHEDULE, LOCAL_ID_CATEGORY, LOCAL_ID_BOSS) 
	VALUES ('La Vella', 'Cafetería de la UPV', 'C/ Blah Blah', 39.482703, -0.347817, 'http://media-cache-ec0.pinimg.com/originals/b3/96/99/b3969966bdca92dc8171f0425ef6f590.jpg', '634524642', 'blah4blah4@gmail.com', 3, 1, 1, '18:00 a 22:00', 11, 3);
INSERT INTO ROOT.LOCALS (LOCAL_NAME, LOCAL_DESCRIPTION, LOCAL_ADDRESS, LOCAL_LATITUDE, LOCAL_LONGITUDE, LOCAL_IMAGE, LOCAL_PHONE, LOCAL_EMAIL, LOCAL_RATING, LOCAL_NUM_RATINGS, LOCAL_PRICE, LOCAL_SCHEDULE, LOCAL_ID_CATEGORY, LOCAL_ID_BOSS) 
	VALUES ('Starbucks', 'Cafetería de moda', 'Carrer de Sant Vicent Màrtir', 39.472927, -0.376438, 'http://media-cache-ak0.pinimg.com/originals/25/13/24/2513247ff550784d5176b2dec92d69da.jpg', '64368436', 'starbucks@info.com', 3, 1, 3, '14:00 a 20:00', 11, 4);
INSERT INTO ROOT.LOCALS (LOCAL_NAME, LOCAL_DESCRIPTION, LOCAL_ADDRESS, LOCAL_LATITUDE, LOCAL_LONGITUDE, LOCAL_IMAGE, LOCAL_PHONE, LOCAL_EMAIL, LOCAL_RATING, LOCAL_NUM_RATINGS, LOCAL_PRICE, LOCAL_SCHEDULE, LOCAL_ID_CATEGORY, LOCAL_ID_BOSS) 
	VALUES ('La3', 'Discoteca de música electrónica', 'Avenida del Puerto', 39.461038, -0.335385, 'http://media-cache-ec0.pinimg.com/originals/88/56/11/885611f47833f70c88494df297ba522d.jpg', '64368436', 'la3@info.com', 4, 1, 3, '23:00 a 6:00', 6, 1);
INSERT INTO ROOT.LOCALS (LOCAL_NAME, LOCAL_DESCRIPTION, LOCAL_ADDRESS, LOCAL_LATITUDE, LOCAL_LONGITUDE, LOCAL_IMAGE, LOCAL_PHONE, LOCAL_EMAIL, LOCAL_RATING, LOCAL_NUM_RATINGS, LOCAL_PRICE, LOCAL_SCHEDULE, LOCAL_ID_CATEGORY, LOCAL_ID_BOSS) 
	VALUES ('Kebap Turco', 'Kebaps baratos', 'C/ Blasco Ibañez', 39.477355, -0.357305, 'http://media-cache-ec0.pinimg.com/originals/0e/6a/59/0e6a59d14ba0cfd17d898dcd5bf91aa6.jpg', '236437654', 'kebap@turco.com', 4, 1, 2, 'Abierto todo el día y noche', 7, 2);
INSERT INTO ROOT.LOCALS (LOCAL_NAME, LOCAL_DESCRIPTION, LOCAL_ADDRESS, LOCAL_LATITUDE, LOCAL_LONGITUDE, LOCAL_IMAGE, LOCAL_PHONE, LOCAL_EMAIL, LOCAL_RATING, LOCAL_NUM_RATINGS, LOCAL_PRICE, LOCAL_SCHEDULE, LOCAL_ID_CATEGORY, LOCAL_ID_BOSS) 
	VALUES ('The Westin', 'Hotel de lujo', 'Alameda', 39.473089, -0.361282, 'http://media-cache-ak0.pinimg.com/originals/65/ba/63/65ba63a08f5619bc08e695da9448e253.jpg', '23456543', 'westin@hoteles.com', 5, 1, 4, '14:00 a 15:00', 8, 3);
INSERT INTO ROOT.LOCALS (LOCAL_NAME, LOCAL_DESCRIPTION, LOCAL_ADDRESS, LOCAL_LATITUDE, LOCAL_LONGITUDE, LOCAL_IMAGE, LOCAL_PHONE, LOCAL_EMAIL, LOCAL_RATING, LOCAL_NUM_RATINGS, LOCAL_PRICE, LOCAL_SCHEDULE, LOCAL_ID_CATEGORY, LOCAL_ID_BOSS) 
	VALUES ('Cines LYS', 'Cines en el centro', 'Plaza del Ayuntamiento', 39.468909, -0.375062, 'no image', '123456789', 'cines@lys.com', 3, 1, 2, 'Abierto por las tardes', 9, 4);
INSERT INTO ROOT.LOCALS (LOCAL_NAME, LOCAL_DESCRIPTION, LOCAL_ADDRESS, LOCAL_LATITUDE, LOCAL_LONGITUDE, LOCAL_IMAGE, LOCAL_PHONE, LOCAL_EMAIL, LOCAL_RATING, LOCAL_NUM_RATINGS, LOCAL_PRICE, LOCAL_SCHEDULE, LOCAL_ID_CATEGORY, LOCAL_ID_BOSS) 
	VALUES ('Teatro Olympia', 'Teatro de Valencia', 'Plaza del Ayuntamiento', 39.470873, -0.377744, 'http://media-cache-ec0.pinimg.com/originals/23/3d/74/233d7404d8b09a32ac49ae3aab6817da.jpg', '123456543', 'teatro@olympia.com', 5, 1, 2, 'Abierto por las noches', 10, 1);
INSERT INTO ROOT.LOCALS (LOCAL_NAME, LOCAL_DESCRIPTION, LOCAL_ADDRESS, LOCAL_LATITUDE, LOCAL_LONGITUDE, LOCAL_IMAGE, LOCAL_PHONE, LOCAL_EMAIL, LOCAL_RATING, LOCAL_NUM_RATINGS, LOCAL_PRICE, LOCAL_SCHEDULE, LOCAL_ID_CATEGORY, LOCAL_ID_BOSS) 
	VALUES ('Bar Casa Paco', 'Bar de pueblo', 'C/ falsa 123', 40.430477, -3.719772, 'http://media-cache-ak0.pinimg.com/originals/17/72/a6/1772a6a82ce191ce49e8ec28706d03bd.jpg', '12345678', 'barcasapaco@pueblo', 3, 1, 1, 'Abierto por la semana', 11, 2);
INSERT INTO ROOT.LOCALS (LOCAL_NAME, LOCAL_DESCRIPTION, LOCAL_ADDRESS, LOCAL_LATITUDE, LOCAL_LONGITUDE, LOCAL_IMAGE, LOCAL_PHONE, LOCAL_EMAIL, LOCAL_RATING, LOCAL_NUM_RATINGS, LOCAL_PRICE, LOCAL_SCHEDULE, LOCAL_ID_CATEGORY, LOCAL_ID_BOSS) 
	VALUES ('Conservatorio', 'Bar de la universidad', 'Av. Los Naranjos s/n', 39.483749, -0.346826, 'http://media-cache-ec0.pinimg.com/originals/ac/f9/97/acf997802c083305010efe47093baec7.jpg', '874562934', 'conservatorio@upv.es', 5, 1, 1, 'Todos los dias', 11, 3);
INSERT INTO ROOT.LOCALS (LOCAL_NAME, LOCAL_DESCRIPTION, LOCAL_ADDRESS, LOCAL_LATITUDE, LOCAL_LONGITUDE, LOCAL_IMAGE, LOCAL_PHONE, LOCAL_EMAIL, LOCAL_RATING, LOCAL_NUM_RATINGS, LOCAL_PRICE, LOCAL_SCHEDULE, LOCAL_ID_CATEGORY, LOCAL_ID_BOSS) 
	VALUES ('Teatro Principal', 'Mejor teatro de Valencia', 'Calle Las Barcas, 15', 39.470679, -0.374296, 'http://media-cache-ec0.pinimg.com/originals/c6/dd/29/c6dd2994a5186f5eb39b47589bdecbfb.jpg', '963539200', 'teatroprincipal@valencia.es', 4, 1, 2, 'Abierto por las tardes', 10, 4);
INSERT INTO ROOT.LOCALS (LOCAL_NAME, LOCAL_DESCRIPTION, LOCAL_ADDRESS, LOCAL_LATITUDE, LOCAL_LONGITUDE, LOCAL_IMAGE, LOCAL_PHONE, LOCAL_EMAIL, LOCAL_RATING, LOCAL_NUM_RATINGS, LOCAL_PRICE, LOCAL_SCHEDULE, LOCAL_ID_CATEGORY, LOCAL_ID_BOSS) 
	VALUES ('Nylon', 'Discoteca de Ruzafa', 'Gran Via 32', 39.463801, -0.376142, 'http://media-cache-ak0.pinimg.com/originals/9b/c2/bc/9bc2bcd2f4549648cc3c561b631002fd.jpg', '627384922', 'nylon@clubs.es', 4, 1, 2, 'Cada noche', 6, 1);
INSERT INTO ROOT.LOCALS (LOCAL_NAME, LOCAL_DESCRIPTION, LOCAL_ADDRESS, LOCAL_LATITUDE, LOCAL_LONGITUDE, LOCAL_IMAGE, LOCAL_PHONE, LOCAL_EMAIL, LOCAL_RATING, LOCAL_NUM_RATINGS, LOCAL_PRICE, LOCAL_SCHEDULE, LOCAL_ID_CATEGORY, LOCAL_ID_BOSS) 
	VALUES ('Superclub', 'Discoteca del centro', 'Calle San Vicente', 39.466347, -0.380588, 'http://media-cache-ak0.pinimg.com/originals/5b/88/05/5b8805b4f1d94bc3c45666cdae2f3fc4.jpg', '763843272', 'super@club.es', 3, 1, 2, 'De Jueves a Sabado', 6, 2);
INSERT INTO ROOT.LOCALS (LOCAL_NAME, LOCAL_DESCRIPTION, LOCAL_ADDRESS, LOCAL_LATITUDE, LOCAL_LONGITUDE, LOCAL_IMAGE, LOCAL_PHONE, LOCAL_EMAIL, LOCAL_RATING, LOCAL_NUM_RATINGS, LOCAL_PRICE, LOCAL_SCHEDULE, LOCAL_ID_CATEGORY, LOCAL_ID_BOSS) 
	VALUES ('Restaurante Fuji', 'Gastronomía de Japón', 'Calle de Rubén Darío, 8', 39.477093, -0.352292, 'http://media-cache-ak0.pinimg.com/originals/4e/ea/6b/4eea6b456fdc9c36d03b09fa8ffe5c7a.jpg', '963694871', 'fuji@valencia.es', 5, 1, 3, 'Todos los días', 7, 3);
INSERT INTO ROOT.LOCALS (LOCAL_NAME, LOCAL_DESCRIPTION, LOCAL_ADDRESS, LOCAL_LATITUDE, LOCAL_LONGITUDE, LOCAL_IMAGE, LOCAL_PHONE, LOCAL_EMAIL, LOCAL_RATING, LOCAL_NUM_RATINGS, LOCAL_PRICE, LOCAL_SCHEDULE, LOCAL_ID_CATEGORY, LOCAL_ID_BOSS) 
	VALUES ('Pan de Azucar', 'Crepes y burguers', 'Calle del Serpis, 5', 39.476410, -0.348969, 'http://media-cache-ec0.pinimg.com/originals/f2/8e/a6/f28ea658a52a048f261c09cb521e8050.jpg', '963602404', 'pandeazucar@valencia.es', 4, 1, 1, 'Todos los dias', 7, 4);
INSERT INTO ROOT.LOCALS (LOCAL_NAME, LOCAL_DESCRIPTION, LOCAL_ADDRESS, LOCAL_LATITUDE, LOCAL_LONGITUDE, LOCAL_IMAGE, LOCAL_PHONE, LOCAL_EMAIL, LOCAL_RATING, LOCAL_NUM_RATINGS, LOCAL_PRICE, LOCAL_SCHEDULE, LOCAL_ID_CATEGORY, LOCAL_ID_BOSS) 
	VALUES ('Hotel Renasa', 'Hotel de lujo', 'Avenida de Cataluña, 5', 39.478251, -0.355267, 'http://media-cache-ak0.pinimg.com/originals/bb/d0/fc/bbd0fc8aa8b3a81c6cc6a1f7ce60b505.jpg', '963692450', 'renasa@hoteles.com', 5, 1, 3, 'Abierto 24h', 8, 1);
INSERT INTO ROOT.LOCALS (LOCAL_NAME, LOCAL_DESCRIPTION, LOCAL_ADDRESS, LOCAL_LATITUDE, LOCAL_LONGITUDE, LOCAL_IMAGE, LOCAL_PHONE, LOCAL_EMAIL, LOCAL_RATING, LOCAL_NUM_RATINGS, LOCAL_PRICE, LOCAL_SCHEDULE, LOCAL_ID_CATEGORY, LOCAL_ID_BOSS) 
	VALUES ('Olympia Hotel', 'Hotel muy cómodo', 'Calle Maestro Serrano, 3-5', 39.495649, -0.352780, 'http://media-cache-ak0.pinimg.com/originals/3e/7e/92/3e7e9218d23e3aa8450ce34dee11abce.jpg', '963033392', 'olympia@hoteles.com', 4, 1, 3, 'Abierto 24h', 8, 2);


CREATE TABLE USERS (
       USER_ID INT NOT NULL GENERATED ALWAYS AS IDENTITY (START WITH 1, INCREMENT BY 1)
     , USER_NAME VARCHAR(255)
     , USER_SURNAME VARCHAR(255)
     , USER_IMAGE VARCHAR(255)
     , USER_EMAIL VARCHAR(255)
     , USER_PASSWORD VARCHAR(255)
     , USER_PHONE VARCHAR(255)
     , CONSTRAINT PK_USER_ID PRIMARY KEY (USER_ID)
);
INSERT INTO ROOT.USERS (USER_NAME, USER_SURNAME, USER_IMAGE, USER_EMAIL, USER_PASSWORD, USER_PHONE) 
	VALUES ('User 1', 'Surname 1', 'Blah Blah.jpg', 'blahblah@gmail.com', 'password1', '634567890');
INSERT INTO ROOT.USERS (USER_NAME, USER_SURNAME, USER_IMAGE, USER_EMAIL, USER_PASSWORD, USER_PHONE) 
	VALUES ('User 2', 'Surname 2', 'Blah Blah.jpg', 'blahblah@gmail.com', 'password2', '634567890');
INSERT INTO ROOT.USERS (USER_NAME, USER_SURNAME, USER_IMAGE, USER_EMAIL, USER_PASSWORD, USER_PHONE) 
	VALUES ('User 3', 'Surname 3', 'Blah Blah.jpg', 'blahblah@gmail.com', 'password3', '634567890');
INSERT INTO ROOT.USERS (USER_NAME, USER_SURNAME, USER_IMAGE, USER_EMAIL, USER_PASSWORD, USER_PHONE) 
	VALUES ('User 1', 'Surname 1', 'Blah Blah.jpg', 'blahblah@gmail.com', 'password1', '634567890');
INSERT INTO ROOT.USERS (USER_NAME, USER_SURNAME, USER_IMAGE, USER_EMAIL, USER_PASSWORD, USER_PHONE) 
	VALUES ('User 2', 'Surname 2', 'Blah Blah.jpg', 'blahblah@gmail.com', 'password2', '634567890');
INSERT INTO ROOT.USERS (USER_NAME, USER_SURNAME, USER_IMAGE, USER_EMAIL, USER_PASSWORD, USER_PHONE) 
	VALUES ('User 3', 'Surname 3', 'Blah Blah.jpg', 'blahblah@gmail.com', 'password3', '634567890');
INSERT INTO ROOT.USERS (USER_NAME, USER_SURNAME, USER_IMAGE, USER_EMAIL, USER_PASSWORD, USER_PHONE) 
	VALUES ('Pedro', 'Perez', 'no image', 'test', 'test', '743625483');

CREATE TABLE BOSSES (
       BOSS_ID INT NOT NULL GENERATED ALWAYS AS IDENTITY (START WITH 1, INCREMENT BY 1)
     , BOSS_NAME VARCHAR(255)
     , BOSS_SURNAME VARCHAR(255)
     , BOSS_IMAGE VARCHAR(255)
     , BOSS_EMAIL VARCHAR(255)
     , BOSS_PASSWORD VARCHAR(255)
     , BOSS_PHONE VARCHAR(255)
     , CONSTRAINT PK_BOSS_ID PRIMARY KEY (BOSS_ID)
);
INSERT INTO ROOT.BOSSES (BOSS_NAME, BOSS_SURNAME, BOSS_IMAGE, BOSS_EMAIL, BOSS_PASSWORD, BOSS_PHONE, BOSS_ID_LOCAL) 
	VALUES ('Boss 1', 'Boss Surname 1', 'Blah Blah.jpg', 'blahblah@gmail.com', 'Boss_password1', '634567890', 1);
INSERT INTO ROOT.BOSSES (BOSS_NAME, BOSS_SURNAME, BOSS_IMAGE, BOSS_EMAIL, BOSS_PASSWORD, BOSS_PHONE, BOSS_ID_LOCAL) 
	VALUES ('Boss 2', 'Boss Surname 2', 'Blah Blah.jpg', 'blahblah@gmail.com', 'Boss_password2', '634567890', 2);
INSERT INTO ROOT.BOSSES (BOSS_NAME, BOSS_SURNAME, BOSS_IMAGE, BOSS_EMAIL, BOSS_PASSWORD, BOSS_PHONE, BOSS_ID_LOCAL) 
	VALUES ('Boss 3', 'Boss Surname 3', 'Blah Blah.jpg', 'blahblah@gmail.com', 'Boss_password3', '634567890', 3);
INSERT INTO ROOT.BOSSES (BOSS_NAME, BOSS_SURNAME, BOSS_IMAGE, BOSS_EMAIL, BOSS_PASSWORD, BOSS_PHONE, BOSS_ID_LOCAL) 
	VALUES ('Boss test name', 'Boss test surname', 'Boss test image', 'test', 'test', 'Boss test phone', 9);

CREATE TABLE BOOKINGS (
       BOOKING_ID INT NOT NULL GENERATED ALWAYS AS IDENTITY (START WITH 1, INCREMENT BY 1)
     , BOOKING_DATE TIMESTAMP
     , BOOKING_ID_USER INT
     , BOOKING_ID_LOCAL INT
     , CONSTRAINT PK_BOOKING_ID PRIMARY KEY (BOOKING_ID)
     , CONSTRAINT FK_BOOKING_LOCAL FOREIGN KEY (BOOKING_ID_LOCAL)
                  REFERENCES LOCALS (LOCAL_ID)
     , CONSTRAINT FK_BOOKING_USER FOREIGN KEY (BOOKING_ID_USER)
                  REFERENCES USERS (USER_ID)
);
INSERT INTO ROOT.BOOKINGS (BOOKING_DATE, BOOKING_ID_USER, BOOKING_ID_LOCAL) 
	VALUES ('2008-10-29 14:56:59.0', 1, 1);
INSERT INTO ROOT.BOOKINGS (BOOKING_DATE, BOOKING_ID_USER, BOOKING_ID_LOCAL) 
	VALUES ('2008-11-29 14:56:59.0', 2, 2);
INSERT INTO ROOT.BOOKINGS (BOOKING_DATE, BOOKING_ID_USER, BOOKING_ID_LOCAL) 
	VALUES ('2008-12-29 14:56:59.0', 3, 3);
INSERT INTO ROOT.BOOKINGS (BOOKING_DATE, BOOKING_ID_USER, BOOKING_ID_LOCAL) 
	VALUES ('2008-10-29 14:56:59.0', 1, 1);
INSERT INTO ROOT.BOOKINGS (BOOKING_DATE, BOOKING_ID_USER, BOOKING_ID_LOCAL) 
	VALUES ('2006-10-29 14:56:59.0', 1, 1);
INSERT INTO ROOT.BOOKINGS (BOOKING_DATE, BOOKING_ID_USER, BOOKING_ID_LOCAL) 
	VALUES ('2005-10-29 15:56:59.0', 3, 2);


CREATE TABLE OFFERS (
       OFFER_ID INT NOT NULL GENERATED ALWAYS AS IDENTITY (START WITH 1, INCREMENT BY 1)
     , OFFER_TITLE VARCHAR(255)
     , OFFER_DESCRIPTION VARCHAR(500)
     , OFFER_IMAGE VARCHAR(255)
     , OFFER_DATE TIMESTAMP
     , OFFER_ID_LOCAL INT
     , CONSTRAINT PK_OFFER_ID PRIMARY KEY (OFFER_ID)
     , CONSTRAINT FK_OFFER_LOCAL FOREIGN KEY (OFFER_ID_LOCAL)
                  REFERENCES LOCALS (LOCAL_ID)
);

INSERT INTO ROOT.OFFERS (OFFER_TITLE, OFFER_DESCRIPTION, OFFER_IMAGE, OFFER_DATE, OFFER_ID_LOCAL) 
	VALUES ('Medio litro 1 euro', 'Jarra de meido litro a 1 euro', 'Blah Blah.jpg', '2008-10-29 14:56:59.0', 1);
INSERT INTO ROOT.OFFERS (OFFER_TITLE, OFFER_DESCRIPTION, OFFER_IMAGE, OFFER_DATE, OFFER_ID_LOCAL) 
	VALUES ('3 quintos 1 euro', '3 quintos 1 euro', 'no image', '3914-12-19 00:00:00.0', 1);
INSERT INTO ROOT.OFFERS (OFFER_TITLE, OFFER_DESCRIPTION, OFFER_IMAGE, OFFER_DATE, OFFER_ID_LOCAL) 
	VALUES ('Cerveza!!', 'Cerveza a mitad de precio', '/storage/emulated/0/beam/1-27.jpg', '3914-12-19 00:00:00.0', 2);
INSERT INTO ROOT.OFFERS (OFFER_TITLE, OFFER_DESCRIPTION, OFFER_IMAGE, OFFER_DATE, OFFER_ID_LOCAL) 
	VALUES ('Pinchos', 'Pincho gratis con la cerveza', '/storage/emulated/0/Pictures/Wally/75540.jpg', '3914-12-19 00:00:00.0', 3);
INSERT INTO ROOT.OFFERS (OFFER_TITLE, OFFER_DESCRIPTION, OFFER_IMAGE, OFFER_DATE, OFFER_ID_LOCAL) 
	VALUES ('Bocadillo del dia', 'Precios bajos para el bocadillo del dia', 'no image', '2014-11-19 10:15:51.408', 4);
INSERT INTO ROOT.OFFERS (OFFER_TITLE, OFFER_DESCRIPTION, OFFER_IMAGE, OFFER_DATE, OFFER_ID_LOCAL) 
	VALUES ('Frapuccino', 'Frapuccino a mitad de precio', 'no image', '2014-11-19 10:15:54.065', 5);
INSERT INTO ROOT.OFFERS (OFFER_TITLE, OFFER_DESCRIPTION, OFFER_IMAGE, OFFER_DATE, OFFER_ID_LOCAL) 
	VALUES ('Ley DJ', 'Entrada gratis de 2h a 2:30h', 'no image', '2014-11-19 10:17:28.656', 6);
INSERT INTO ROOT.OFFERS (OFFER_TITLE, OFFER_DESCRIPTION, OFFER_IMAGE, OFFER_DATE, OFFER_ID_LOCAL) 
	VALUES ('Kebap para todos!!', 'Pidiendo dos menús, te llevas un kebap gratis', 'no image', '2014-11-19 10:17:30.829', 7);
INSERT INTO ROOT.OFFERS (OFFER_TITLE, OFFER_DESCRIPTION, OFFER_IMAGE, OFFER_DATE, OFFER_ID_LOCAL) 
	VALUES ('Finde de lujos', 'Sesion de spa gratis para todos los clientes', 'no image', '2014-11-19 10:17:33.642', 8);
INSERT INTO ROOT.OFFERS (OFFER_TITLE, OFFER_DESCRIPTION, OFFER_IMAGE, OFFER_DATE, OFFER_ID_LOCAL) 
	VALUES ('Dia del espectador', 'Entradas mas baratas el día del espectador', 'no image', '2014-11-19 10:20:13.455', 9);
INSERT INTO ROOT.OFFERS (OFFER_TITLE, OFFER_DESCRIPTION, OFFER_IMAGE, OFFER_DATE, OFFER_ID_LOCAL) 
	VALUES ('Oferta para la 3ª edad', 'Entrada gratis presentando el carnet de 3ª edad', 'no image', '2014-11-19 10:20:15.608', 10);
INSERT INTO ROOT.OFFERS (OFFER_TITLE, OFFER_DESCRIPTION, OFFER_IMAGE, OFFER_DATE, OFFER_ID_LOCAL) 
	VALUES ('Carajillo a 1€', 'A partir de ahora, todos los lunes el carajillo a 1€', 'no image', '2014-11-19 10:20:17.731', 11);
INSERT INTO ROOT.OFFERS (OFFER_TITLE, OFFER_DESCRIPTION, OFFER_IMAGE, OFFER_DATE, OFFER_ID_LOCAL) 
	VALUES ('Bocadillo de brascada', 'Cada miercoles, bocadillo de brascada mas barato', 'no image', '2014-11-19 10:22:51.976', 12);
INSERT INTO ROOT.OFFERS (OFFER_TITLE, OFFER_DESCRIPTION, OFFER_IMAGE, OFFER_DATE, OFFER_ID_LOCAL) 
	VALUES ('Entradas baratas', 'Los primeros dias de la presentacion de obras de teatro, la entrada gratis', 'no image', '2014-11-19 10:22:56.349', 13);
INSERT INTO ROOT.OFFERS (OFFER_TITLE, OFFER_DESCRIPTION, OFFER_IMAGE, OFFER_DATE, OFFER_ID_LOCAL) 
	VALUES ('Gintonic a mitad de precio', 'Cada jueves en nylon, los gintonic a mitad de precio', 'no image', '2014-11-19 10:22:58.622', 14);
INSERT INTO ROOT.OFFERS (OFFER_TITLE, OFFER_DESCRIPTION, OFFER_IMAGE, OFFER_DATE, OFFER_ID_LOCAL) 
	VALUES ('Lista gratis', 'Consigue lista gratis para entrar en Superclub', 'no image', '2014-11-19 10:26:00.791', 15);
INSERT INTO ROOT.OFFERS (OFFER_TITLE, OFFER_DESCRIPTION, OFFER_IMAGE, OFFER_DATE, OFFER_ID_LOCAL) 
	VALUES ('Sushi a mitad de orecio', 'Para todos los estudiantes, el sushi a mitad de precio', 'no image', '2014-11-19 10:26:03.453', 16);
INSERT INTO ROOT.OFFERS (OFFER_TITLE, OFFER_DESCRIPTION, OFFER_IMAGE, OFFER_DATE, OFFER_ID_LOCAL) 
	VALUES ('Crepes gratis', 'Para las parejas, crepes gratis', 'no image', '2014-11-19 10:26:04.357', 17);
INSERT INTO ROOT.OFFERS (OFFER_TITLE, OFFER_DESCRIPTION, OFFER_IMAGE, OFFER_DATE, OFFER_ID_LOCAL) 
	VALUES ('Suite con desayuno', 'Desayuno gratis para los clientes', 'no image', '2014-11-19 10:26:05.269', 18);
INSERT INTO ROOT.OFFERS (OFFER_TITLE, OFFER_DESCRIPTION, OFFER_IMAGE, OFFER_DATE, OFFER_ID_LOCAL) 
	VALUES ('Guia por Valencia', 'Guia gratis por el centro de Valencia', 'no image', '2014-11-19 10:26:26.702', 19);


CREATE TABLE EVENTS (
       EVENT_ID INT NOT NULL GENERATED ALWAYS AS IDENTITY (START WITH 1, INCREMENT BY 1)
     , EVENT_TITLE VARCHAR(255)
     , EVENT_DESCRIPTION VARCHAR(500)
     , EVENT_IMAGE VARCHAR(255)
     , EVENT_DATE TIMESTAMP
     , EVENT_ID_LOCAL INT
     , CONSTRAINT PK_EVENT_ID PRIMARY KEY (EVENT_ID)
     , CONSTRAINT FK_EVENT_LOCAL FOREIGN KEY (EVENT_ID_LOCAL)
                  REFERENCES LOCALS (LOCAL_ID)
);

INSERT INTO ROOT.EVENTS (EVENT_TITLE, EVENT_DESCRIPTION, EVENT_IMAGE, EVENT_DATE, EVENT_ID_LOCAL) 
	VALUES ('Cervezada este Viernes', 'Jarra de meido litro a 1 euro', 'Blah Blah.jpg', '2008-10-29 14:56:59.0', 1);
INSERT INTO ROOT.EVENTS (EVENT_TITLE, EVENT_DESCRIPTION, EVENT_IMAGE, EVENT_DATE, EVENT_ID_LOCAL) 
	VALUES ('3 quintos 1 euro', '3 quintos 1 euro', 'no image', '3914-12-19 00:00:00.0', 1);
INSERT INTO ROOT.EVENTS (EVENT_TITLE, EVENT_DESCRIPTION, EVENT_IMAGE, EVENT_DATE, EVENT_ID_LOCAL) 
	VALUES ('Cerveza!!', 'Cerveza a mitad de precio', '/storage/emulated/0/beam/1-27.jpg', '3914-12-19 00:00:00.0', 2);
INSERT INTO ROOT.EVENTS (EVENT_TITLE, EVENT_DESCRIPTION, EVENT_IMAGE, EVENT_DATE, EVENT_ID_LOCAL) 
	VALUES ('Pinchos', 'Pincho gratis con la cerveza', '/storage/emulated/0/Pictures/Wally/75540.jpg', '3914-12-19 00:00:00.0', 3);
INSERT INTO ROOT.EVENTS (EVENT_TITLE, EVENT_DESCRIPTION, EVENT_IMAGE, EVENT_DATE, EVENT_ID_LOCAL) 
	VALUES ('Bocadillo del dia', 'Precios bajos para el bocadillo del dia', 'no image', '2014-11-19 10:15:51.408', 4);
INSERT INTO ROOT.EVENTS (EVENT_TITLE, EVENT_DESCRIPTION, EVENT_IMAGE, EVENT_DATE, EVENT_ID_LOCAL) 
	VALUES ('Frapuccino', 'Frapuccino a mitad de precio', 'no image', '2014-11-19 10:15:54.065', 5);
INSERT INTO ROOT.EVENTS (EVENT_TITLE, EVENT_DESCRIPTION, EVENT_IMAGE, EVENT_DATE, EVENT_ID_LOCAL) 
	VALUES ('Ley DJ', 'Entrada gratis de 2h a 2:30h', 'no image', '2014-11-19 10:17:28.656', 6);
INSERT INTO ROOT.EVENTS (EVENT_TITLE, EVENT_DESCRIPTION, EVENT_IMAGE, EVENT_DATE, EVENT_ID_LOCAL) 
	VALUES ('Kebap para todos!!', 'Pidiendo dos menús, te llevas un kebap gratis', 'no image', '2014-11-19 10:17:30.829', 7);
INSERT INTO ROOT.EVENTS (EVENT_TITLE, EVENT_DESCRIPTION, EVENT_IMAGE, EVENT_DATE, EVENT_ID_LOCAL) 
	VALUES ('Finde de lujos', 'Sesion de spa gratis para todos los clientes', 'no image', '2014-11-19 10:17:33.642', 8);
INSERT INTO ROOT.EVENTS (EVENT_TITLE, EVENT_DESCRIPTION, EVENT_IMAGE, EVENT_DATE, EVENT_ID_LOCAL) 
	VALUES ('Dia del espectador', 'Entradas mas baratas el día del espectador', 'no image', '2014-11-19 10:20:13.455', 9);
INSERT INTO ROOT.EVENTS (EVENT_TITLE, EVENT_DESCRIPTION, EVENT_IMAGE, EVENT_DATE, EVENT_ID_LOCAL) 
	VALUES ('Oferta para la 3ª edad', 'Entrada gratis presentando el carnet de 3ª edad', 'no image', '2014-11-19 10:20:15.608', 10);
INSERT INTO ROOT.EVENTS (EVENT_TITLE, EVENT_DESCRIPTION, EVENT_IMAGE, EVENT_DATE, EVENT_ID_LOCAL) 
	VALUES ('Carajillo a 1€', 'A partir de ahora, todos los lunes el carajillo a 1€', 'no image', '2014-11-19 10:20:17.731', 11);
INSERT INTO ROOT.EVENTS (EVENT_TITLE, EVENT_DESCRIPTION, EVENT_IMAGE, EVENT_DATE, EVENT_ID_LOCAL) 
	VALUES ('Bocadillo de brascada', 'Cada miercoles, bocadillo de brascada mas barato', 'no image', '2014-11-19 10:22:51.976', 12);
INSERT INTO ROOT.EVENTS (EVENT_TITLE, EVENT_DESCRIPTION, EVENT_IMAGE, EVENT_DATE, EVENT_ID_LOCAL) 
	VALUES ('Entradas baratas', 'Los primeros dias de la presentacion de obras de teatro, la entrada gratis', 'no image', '2014-11-19 10:22:56.349', 13);
INSERT INTO ROOT.EVENTS (EVENT_TITLE, EVENT_DESCRIPTION, EVENT_IMAGE, EVENT_DATE, EVENT_ID_LOCAL) 
	VALUES ('Gintonic a mitad de precio', 'Cada jueves en nylon, los gintonic a mitad de precio', 'no image', '2014-11-19 10:22:58.622', 14);
INSERT INTO ROOT.EVENTS (EVENT_TITLE, EVENT_DESCRIPTION, EVENT_IMAGE, EVENT_DATE, EVENT_ID_LOCAL) 
	VALUES ('Lista gratis', 'Consigue lista gratis para entrar en Superclub', 'no image', '2014-11-19 10:26:00.791', 15);
INSERT INTO ROOT.EVENTS (EVENT_TITLE, EVENT_DESCRIPTION, EVENT_IMAGE, EVENT_DATE, EVENT_ID_LOCAL) 
	VALUES ('Sushi a mitad de orecio', 'Para todos los estudiantes, el sushi a mitad de precio', 'no image', '2014-11-19 10:26:03.453', 16);


CREATE TABLE PREFERENCES (
       PREFERENCE_ID INT NOT NULL GENERATED ALWAYS AS IDENTITY (START WITH 1, INCREMENT BY 1)
     , PREFERENCE_PRICE INT
     , PREFERENCE_RATING INT
     , PREFERENCE_DISTANCE VARCHAR(255)
     , PREFERENCE_ID_USER INT
     , PREFERENCE_ID_CATEGORY INT
     , CONSTRAINT PK_PREFERENCE_ID PRIMARY KEY (PREFERENCE_ID)
     , CONSTRAINT FK_PREFERENCE_USER FOREIGN KEY (PREFERENCE_ID_USER)
                  REFERENCES USERS (USER_ID)
     , CONSTRAINT FK_PREFERENCE_CATEGORY FOREIGN KEY (PREFERENCE_ID_CATEGORY)
                  REFERENCES CATEGORIES (CATEGORY_ID)
);
INSERT INTO ROOT.PREFERENCES (PREFERENCE_PRICE, PREFERENCE_RATING, PREFERENCE_DISTANCE, PREFERENCE_ID_USER, PREFERENCE_ID_CATEGORY) 
	VALUES (1, 3, 'Cerca', 7, 7);
INSERT INTO ROOT.PREFERENCES (PREFERENCE_PRICE, PREFERENCE_RATING, PREFERENCE_DISTANCE, PREFERENCE_ID_USER, PREFERENCE_ID_CATEGORY) 
	VALUES (1, 3, 'Cerca', 2, 8);
INSERT INTO ROOT.PREFERENCES (PREFERENCE_PRICE, PREFERENCE_RATING, PREFERENCE_DISTANCE, PREFERENCE_ID_USER, PREFERENCE_ID_CATEGORY) 
	VALUES (2, 3, 'Lejos', 5, 7);
INSERT INTO ROOT.PREFERENCES (PREFERENCE_PRICE, PREFERENCE_RATING, PREFERENCE_DISTANCE, PREFERENCE_ID_USER, PREFERENCE_ID_CATEGORY) 
	VALUES (2, 3, 'Lejos', 5, 8);
INSERT INTO ROOT.PREFERENCES (PREFERENCE_PRICE, PREFERENCE_RATING, PREFERENCE_DISTANCE, PREFERENCE_ID_USER, PREFERENCE_ID_CATEGORY) 
	VALUES (2, 3, 'Muy Lejos', 5, 8);
INSERT INTO ROOT.PREFERENCES (PREFERENCE_PRICE, PREFERENCE_RATING, PREFERENCE_DISTANCE, PREFERENCE_ID_USER, PREFERENCE_ID_CATEGORY) 
	VALUES (2, 3, 'Muy poco Lejos', 5, 8);
INSERT INTO ROOT.PREFERENCES (PREFERENCE_PRICE, PREFERENCE_RATING, PREFERENCE_DISTANCE, PREFERENCE_ID_USER, PREFERENCE_ID_CATEGORY) 
	VALUES (2, 3, 'Muy 2 poco Lejos', 5, 8);
INSERT INTO ROOT.PREFERENCES (PREFERENCE_PRICE, PREFERENCE_RATING, PREFERENCE_DISTANCE, PREFERENCE_ID_USER, PREFERENCE_ID_CATEGORY) 
	VALUES (2, 3, 'Lejos', 5, 9);
INSERT INTO ROOT.PREFERENCES (PREFERENCE_PRICE, PREFERENCE_RATING, PREFERENCE_DISTANCE, PREFERENCE_ID_USER, PREFERENCE_ID_CATEGORY) 
	VALUES (2, 3, 'Algo Lejos', 5, 9);
INSERT INTO ROOT.PREFERENCES (PREFERENCE_PRICE, PREFERENCE_RATING, PREFERENCE_DISTANCE, PREFERENCE_ID_USER, PREFERENCE_ID_CATEGORY) 
	VALUES (3, 4, 'Algo Lejos', 1, 8);


CREATE TABLE COMMENTS (
       COMMENT_ID INT NOT NULL GENERATED ALWAYS AS IDENTITY (START WITH 1, INCREMENT BY 1)
     , COMMENT_TEXT VARCHAR(500)
     , COMMENT_ID_USER INT
     , COMMENT_ID_LOCAL INT
     , CONSTRAINT PK_COMMENT_ID PRIMARY KEY (COMMENT_ID)
     , CONSTRAINT FK_COMMENT_USER FOREIGN KEY (COMMENT_ID_USER)
                  REFERENCES USERS (USER_ID)
     , CONSTRAINT FK_COMMENT_LOCAL FOREIGN KEY (COMMENT_ID_LOCAL)
                  REFERENCES LOCALS (LOCAL_ID)
);